title;avaliacao;valor;descricao;numero;endereco
RIBEIRAO PRETO - LAR GRECIA;Valor de avaliação: R$ 190.000,00;Valor mínimo de venda: R$ 114.838,57 ( desconto de 39,56%);Apartamento - 95,08 m2, 2 quarto(s), 1 vaga(s) na garagem - Venda Direta Online;878771156863-8;RUA ALFREDO PUCCI,N. 80 Apto. 22 BL A TORRE 2, , BONFIM PAULISTA
RIBEIRAO PRETO - LAR ITALIA;Valor de avaliação: R$ 142.000,00;Valor mínimo de venda: R$ 83.135,75 ( desconto de 41,45%);Apartamento - 88,89 m2, 2 quarto(s), 1 vaga(s) na garagem - Venda Direta Online;855553822962-7;RUA CIRCULAR,N. 100 Apto. 32 BL B, TORRE 1, , ESTRADA MUNICIPAL
RIBEIRAO PRETO - VITTA JARDIM DOS FLAMBOYANTS;Valor de avaliação: R$ 168.000,00;Valor mínimo de venda: R$ 97.066,99 ( desconto de 42,22%);Apartamento - 2 quarto(s), 1 vaga(s) na garagem - Venda Direta Online;878771142469-5;RUA JOAO CARVALHO RUFINO,N. 1400 Apto. 33 BL C TORRE 6, , VITTA JRD D FLAMBOYA
RIBEIRAO PRETO - VITTA RECANTO DA MATA;Valor de avaliação: R$ 140.000,00;Valor mínimo de venda: R$ 81.964,82 ( desconto de 41,45%);Apartamento - 108,39 m2, 2 quarto(s), 1 vaga(s) na garagem - Venda Direta Online;878770878760-0;VIA JERÔNIMO AFRELDO AMOR ESPIN,N. 400 Apto. 11 BL F, TORRE 1, , FAZENDA PALMEIRAS
RIBEIRAO PRETO - VITTA RECANTO DA MATA;Valor de avaliação: R$ 161.000,00;Valor mínimo de venda: R$ 95.407,73 ( desconto de 40,74%);Apartamento - 108,39 m2, 2 quarto(s), 1 vaga(s) na garagem - Venda Direta Online;878770916262-0;VIA JERÔNIMO ALFREDO AMOR ESPIN,N. 400 Apto. 33 BL A, TORRE 1, , FAZENDA PALMEIRAS
RIBEIRAO PRETO - PQ ROMANCE;Valor de avaliação: R$ 160.000,00;Valor mínimo de venda: R$ 94.815,14 ( desconto de 40,74%);Apartamento - - Venda Direta Online;844443078786-4;AV ALFREDO RAVANELI,N. 3409 Apto. 206 BL 5,
RIBEIRAO PRETO - COND VITTA RECANTO DAS PALMEIRAS;Valor de avaliação: R$ 158.000,00;Valor mínimo de venda: R$ 93.629,95 ( desconto de 40,74%);Apartamento - 1 vaga(s) na garagem - Venda Direta Online;855553985623-4;AVENIDA DOUTOR FERNANDO MENDES GARCIA,N. 2720 Apto. 03 BL E T 03, , FLORESTAN FERNANDES
RIBEIRAO PRETO - PORTAL MIRANTE DA COLINA;Valor de avaliação: R$ 230.000,00;Valor mínimo de venda: R$ 139.015,11 ( desconto de 39,56%);Apartamento - 1 vaga(s) na garagem - Venda Direta Online;878771103316-5;AVENIDA EDUARDO ANDREA MATARAZZO,N. 6050 Apto. 103 TORRE 06,
RIBEIRAO PRETO - VITTA PARQUE DOS MACANÁS;Valor de avaliação: R$ 150.000,00;Valor mínimo de venda: R$ 87.819,45 ( desconto de 41,45%);Apartamento - 88,44 m2, 2 quarto(s), 1 vaga(s) na garagem - Venda Direta Online;878771014883-0;ESTRADA VICENTE CANUTO,N. 280 Apto. 31 3º PAVIMENTO, BLOCO B, TORRE 1, , VITTA PARQUE DOS MAN
RIBEIRAO PRETO - GREEN;Valor de avaliação: R$ 240.000,00;Valor mínimo de venda: R$ 152.955,43 ( desconto de 36,27%);Apartamento - 1 vaga(s) na garagem - Venda Direta Online;178770156634-0;RUA BENEDITO GIR,N. 230 Apto. 306, , BONFIM PAULISTA
RIBEIRAO PRETO - CONQUISTA HORIZONTE;Valor de avaliação: R$ 190.000,00;Valor mínimo de venda: R$ 114.838,57 ( desconto de 39,56%);Apartamento - 105,49 m2, 2 quarto(s), 1 vaga(s) na garagem - Venda Direta Online;878771866346-6;RUA GERALDO RINHEL SOBRINHO,N. 400 Apto. 102 BL 06, TERREO,
RIBEIRAO PRETO - CONQUISTA HORIZONTE;Valor de avaliação: R$ 168.000,00;Valor mínimo de venda: R$ 99.555,89 ( desconto de 40,74%);Apartamento - 91,21 m2, 2 quarto(s), 1 vaga(s) na garagem - Venda Direta Online;878772020685-9;RUA GERALDO RINHEL SOBRINHO,N. 400 Apto. 207 BL 4,
RIBEIRAO PRETO - VITTA JARDIM DOS FLAMBOYANTS;Valor de avaliação: R$ 175.000,00;Valor mínimo de venda: R$ 103.704,06 ( desconto de 40,74%);Apartamento - 94,93 m2, 2 quarto(s), 1 vaga(s) na garagem - Venda Direta Online;878771254111-3;RUA JOÃO CARVALHO RUFINO,N. 1400 Apto. 3 BL D, TORRE 5, , LOT SANTA MARTA
RIBEIRAO PRETO - VITTA HEITOR RIGON 3;Valor de avaliação: R$ 155.000,00;Valor mínimo de venda: R$ 90.746,77 ( desconto de 41,45%);Apartamento - 89,45 m2, 2 quarto(s), 1 vaga(s) na garagem - Venda Direta Online;878770542077-2;RUA JOSE DE ALCANTARA,N. 765 Apto. 13 BLC,TORRE 4,
RIBEIRAO PRETO - RESIDENCIAL BOSQUE DO CERRADO;Valor de avaliação: R$ 131.500,00;Valor mínimo de venda: R$ 76.174,41 ( desconto de 42,07%);Apartamento - 106,52 m2, 2 quarto(s), 1 vaga(s) na garagem - Venda Direta Online;855553129704-0;RUA LARA NILSA RAFFAINI CACAO,N. 630 Apto. 34 03 ANDAR BL 10, , SUBSETOR NORTE
RIBEIRAO PRETO - PARQUE REMANSO DO BOSQUE;Valor de avaliação: R$ 146.000,00;Valor mínimo de venda: R$ 85.477,60 ( desconto de 41,45%);Apartamento - 100,18 m2, 2 quarto(s), 1 vaga(s) na garagem - Venda Direta Online;855553775607-0;RUA LUIZ CROPANESE SPADARO JUNIOR,N. 100 Apto. 404 BL 07,
RIBEIRAO PRETO - RESIDENCIAL CROMO;Valor de avaliação: R$ 141.000,00;Valor mínimo de venda: R$ 82.550,28 ( desconto de 41,45%);Apartamento - 64,24 m2, 2 quarto(s) - Venda Direta Online;878771346766-9;RUA PROFESSOR AYLTON RICOY DE OLIVEIRA,N. 925 Apto. 401 BL 23,
RIBEIRAO PRETO - RES PALADIO;Valor de avaliação: R$ 169.500,00;Valor mínimo de venda: R$ 100.444,78 ( desconto de 40,74%);Apartamento - 79,94 m2, 2 quarto(s) - Venda Direta Online;878771478869-8;RUA PROFESSOR AYLTON RICOY DE OLIVEIRA,N. 605 Apto. 302 BL 11, , LOTEAMENTO RESERVA O
RIBEIRAO PRETO - VITTA JARDIM INTERLAGOS;Valor de avaliação: R$ 175.000,00;Valor mínimo de venda: R$ 103.704,06 ( desconto de 40,74%);Apartamento - 98,67 m2, 2 quarto(s), 1 vaga(s) na garagem - Venda Direta Online;878770193424-0;RUA ZILDA DE SOUZA RIZZI,N. 751 Apto. 22 PAV 02 BL B T 01, , JARDIM INTERLAGOS
RIBEIRAO PRETO - VITTA RECANTO DA MATA;Valor de avaliação: R$ 142.000,00;Valor mínimo de venda: R$ 83.135,75 ( desconto de 41,45%);Apartamento - 108,39 m2, 2 quarto(s), 1 vaga(s) na garagem - Venda Direta Online;878770960941-1;VIA JERONIMO ALFREDO AMOR ESPIN,N. 400 Apto. 14 BL E, TORRE 3, , FAZENDA PALMEIRAS
RIBEIRAO PRETO - VITTA RECANTO DA MATA;Valor de avaliação: R$ 150.000,00;Valor mínimo de venda: R$ 87.819,45 ( desconto de 41,45%);Apartamento - 108,39 m2, 2 quarto(s), 1 vaga(s) na garagem - Venda Direta Online;878771046493-6;VIA JERONIMO ALFREDO AMOR ESPIN,N. 400 Apto. 14 BL A, TR 01, , AREA RURAL DE RIBEIRAO PRETO
RIBEIRAO PRETO - COND MAIS CAMPOS ELISEOS;Valor de avaliação: R$ 200.000,00;Valor mínimo de venda: R$ 125.884,66 ( desconto de 37,06%);Apartamento - 57,53 m2, 2 quarto(s), 1 vaga(s) na garagem - Venda Direta Online;844441243181-6;RUA DOUTOR EDGARD CAJADO,N. 245 Apto. 28 3 PAV TORRE 1, , CAMPOS ELISEOS
RIBEIRAO PRETO - VITTA CAMPOS ELISIOS;Valor de avaliação: R$ 159.000,00;Valor mínimo de venda: R$ 89.511,41 ( desconto de 43,7%);Apartamento - 93,58 m2, 2 quarto(s), 1 vaga(s) na garagem - Venda Direta Online;855554005268-2;RUA MARTINS PENA,N. 145 Apto. 23 BL A, TORRE 1, , CAMPOS ELISEOS
RIBEIRAO PRETO - VITTA CAMPOS ELISEOS;Valor de avaliação: R$ 155.000,00;Valor mínimo de venda: R$ 90.746,77 ( desconto de 41,45%);Apartamento - 88,11 m2, 2 quarto(s), 1 vaga(s) na garagem - Venda Direta Online;855554013045-4;RUA MARTINS PENA,N. 145 Apto. 24 2 PAVIMENTO TORRE 02 BL C, , CAMPOS ELISEOS
RIBEIRAO PRETO - CONDOMINIO EDIFICIO FLAMBOYANT;Valor de avaliação: R$ 1.350.000,00;Valor mínimo de venda: R$ 860.374,31 ( desconto de 36,27%);Apartamento - 580,21 m2, 4 quarto(s), 3 vaga(s) na garagem - Venda Direta Online;144441633347-0;RUA CERQUEIRA CESAR,N. 1070 Apto. 12, , CENTRO
RIBEIRAO PRETO - ED SAN LEANDRO;Valor de avaliação: R$ 370.000,00;Valor mínimo de venda: R$ 203.329,56 ( desconto de 45,05%);Apartamento - 3 quarto(s) - Venda Direta Online;144440361635-5;RUA SAO SEBASTIAO,N. 682 Apto. 131 0, , CENTRO
RIBEIRAO PRETO - PORTAL MIRANTE DA COLINA;Valor de avaliação: R$ 253.000,00;Valor mínimo de venda: R$ 154.913,04 ( desconto de 38,77%);Apartamento - 122,5 m2, 2 quarto(s), 1 vaga(s) na garagem - Venda Direta Online;878771551818-0;AV EDUARDO ANDREA MATARAZZO,N. 6050 Apto. 404 TORRE 1, , CHACARAS PEDRO CORREA DE CARVALHO
RIBEIRAO PRETO - PORTAL MIRANTE DA COLINA;Valor de avaliação: R$ 248.500,00;Valor mínimo de venda: R$ 158.372,60 ( desconto de 36,27%);Apartamento - 122,5 m2, 2 quarto(s), 1 vaga(s) na garagem - Venda Direta Online;178770101765-7;AVENIDA EDUARDO ANDREA MATARAZZO,N. 6050 Apto. 502 TORRE 5, , CHACARAS PEDRO CORREA DE CARVALHO
RIBEIRAO PRETO - PORTAL MIRANTE DA COLINA;Valor de avaliação: R$ 230.000,00;Valor mínimo de venda: R$ 139.015,11 ( desconto de 39,56%);Apartamento - 122,5 m2, 2 quarto(s), 1 vaga(s) na garagem - Venda Direta Online;878771118591-7;AVENIDA EDUARDO ANDREA MATARAZZO,N. 6050 Apto. 804 TORRE 5, , CHACARAS PEDRO CORREA DE CARVALHO
RIBEIRAO PRETO - VITTA PQ DOS MANACAS;Valor de avaliação: R$ 157.000,00;Valor mínimo de venda: R$ 93.037,35 ( desconto de 40,74%);Apartamento - 88,44 m2, 2 quarto(s), 1 vaga(s) na garagem - Venda Direta Online;878770941247-2;ESTRADA VICENTE CANUTO,N. 280 Apto. 33 BL D, TORRE 2, , CHACARAS PEDRO CORREA DE CARVALHO
RIBEIRAO PRETO - VITTA PARQUE DAS MANACAS;Valor de avaliação: R$ 150.000,00;Valor mínimo de venda: R$ 87.819,45 ( desconto de 41,45%);Apartamento - 75,95 m2, 2 quarto(s) - Venda Direta Online;878771005947-0;ESTRADA VICENTE CANUTO,N. 280 Apto. 21 BL B, , CHACARAS PEDRO CORREA DE CARVALHO
RIBEIRAO PRETO - VITTA PARQUE DOS MACANÁS;Valor de avaliação: R$ 155.000,00;Valor mínimo de venda: R$ 90.746,77 ( desconto de 41,45%);Apartamento - 88,44 m2, 2 quarto(s), 1 vaga(s) na garagem - Venda Direta Online;878771014875-9;ESTRADA VICENTE CANUTO,N. 280 Apto. 11 TORRE 02 - BLOCO C, , CHACARAS PEDRO CORREA DE CARVALHO
RIBEIRAO PRETO - Vitta Parque dos Manacas;Valor de avaliação: R$ 165.000,00;Valor mínimo de venda: R$ 97.778,11 ( desconto de 40,74%);Apartamento - 88,44 m2, 2 quarto(s) - Venda Direta Online;878771046379-4;ESTRADA VICENTE CANUTO,N. 280 Apto. 14 BL B - TORRE 3, , CHACARAS PEDRO CORREA DE CARVALHO
RIBEIRAO PRETO - PARQUE DO MANACAS;Valor de avaliação: R$ 165.000,00;Valor mínimo de venda: R$ 90.444,75 ( desconto de 45,18%);Apartamento - 2 quarto(s), 1 vaga(s) na garagem - Venda Direta Online;878771197104-1;ESTRADA VICENTE CANUTO,N. 280 Apto. 14 14, DTORRE 5, CONDOMINIO VITTA PARQUE D, , CHACARAS PEDRO CORREA DE CARVALHO
RIBEIRAO PRETO - VITTA PQ DOS MACANÁS;Valor de avaliação: R$ 172.800,00;Valor mínimo de venda: R$ 102.400,35 ( desconto de 40,74%);Apartamento - 2 quarto(s), 1 vaga(s) na garagem - Venda Direta Online;878771211749-4;ESTRADA VICENTE CANUTO,N. 280 Apto. 12 TR 4 BL C, , CHACARAS PEDRO CORREA DE CARVALHO
RIBEIRAO PRETO - VITTA PQ DOS MANACAS;Valor de avaliação: R$ 160.000,00;Valor mínimo de venda: R$ 94.815,14 ( desconto de 40,74%);Apartamento - 88,44 m2, 2 quarto(s), 1 vaga(s) na garagem - Venda Direta Online;878771642675-0;ESTRADA VICENTE CANUTO,N. 280 Apto. 01 TERREO TR 02 BL C, , CHACARAS PEDRO CORREA DE CARVALHO
RIBEIRAO PRETO - PARQUE ROMANCE;Valor de avaliação: R$ 210.000,00;Valor mínimo de venda: R$ 126.926,84 ( desconto de 39,56%);Apartamento - 105,46 m2, 2 quarto(s), 1 vaga(s) na garagem - Venda Direta Online;855553351640-7;AV ALFREDO RAVANELI,N. 3409 Apto. 305 BL 4, , CONJUNTO HABITACIONAL JARDIM DAS PA
RIBEIRAO PRETO - LAR CHILE;Valor de avaliação: R$ 175.000,00;Valor mínimo de venda: R$ 103.704,06 ( desconto de 40,74%);Apartamento - 93,55 m2, 2 quarto(s), 1 vaga(s) na garagem - Venda Direta Online;855553894483-0;AV DR MARCOS ANTONIO MACARIO DOS SANTOS,N. 780 Apto. 21 BL E TORRE 3 - VILLARRICA, , CONJUNTO HABITACIONAL JARDIM DAS PA
RIBEIRAO PRETO - PARQUE REMANSO DO BOSQUE;Valor de avaliação: R$ 140.000,00;Valor mínimo de venda: R$ 81.964,82 ( desconto de 41,45%);Apartamento - 2 quarto(s), 1 vaga(s) na garagem - Venda Direta Online;855553834350-0;RUA LUIZ CROPANESE JUNIOR,N. 100 Apto. 304 BL 19, , CONJUNTO HABITACIONAL SILVIO PASSAL
RIBEIRAO PRETO - PARQUE REMANSO DO BOSQUE;Valor de avaliação: R$ 155.000,00;Valor mínimo de venda: R$ 90.746,77 ( desconto de 41,45%);Apartamento - 2 quarto(s), 1 vaga(s) na garagem - Venda Direta Online;855553847252-1;RUA LUIZ CROPANESE SPADARO JUNIOR,N. 100 Apto. 102 BL 18, , CONJUNTO HABITACIONAL SILVIO PASSAL
RIBEIRAO PRETO - PARQUE REMANSO DO BOSQUE;Valor de avaliação: R$ 167.000,00;Valor mínimo de venda: R$ 98.963,30 ( desconto de 40,74%);Apartamento - 2 quarto(s), 1 vaga(s) na garagem - Venda Direta Online;855553983962-3;RUA LUIZ CROPANESE SPADARO JUNIOR,N. 100 Apto. 202 BLOCO 17, VAGA Nº 224, CONJUNTO HABITACIONAL SILVIO PASSAL
RIBEIRAO PRETO - PARQUE REMANSO DO BOSQUE;Valor de avaliação: R$ 160.000,00;Valor mínimo de venda: R$ 94.815,14 ( desconto de 40,74%);Apartamento - 2 quarto(s), 1 vaga(s) na garagem - Venda Direta Online;855553786984-3;RUA TRES,N. 100 Apto. 103 BL01 VG302 G, , CONJUNTO HABITACIONAL SILVIO PASSAL
RIBEIRAO PRETO - COND RES VIVENDA RIBEIRAO II;Valor de avaliação: R$ 140.000,00;Valor mínimo de venda: R$ 81.964,82 ( desconto de 41,45%);Apartamento - 120 m2, 2 quarto(s), 1 vaga(s) na garagem - Venda Direta Online;855552062344-7;RUA PADRE BENTO DIAS PACHECO,N. 380 Apto. 14 BL H, , GERALDO CORREIA DE CARVALHO
RIBEIRAO PRETO - COND CONJ RES PRIMAVERA;Valor de avaliação: R$ 160.000,00;Valor mínimo de venda: R$ 98.816,70 ( desconto de 38,24%);Apartamento - 66,27 m2, 2 quarto(s) - Venda Direta Online;144440364686-6;AVENIDA PARIS,N. 707 Apto. 13 BLOCO B-30 Nº 269, , INDEPENDENCIA
RIBEIRAO PRETO - VITTA VIA NORTE 2;Valor de avaliação: R$ 160.000,00;Valor mínimo de venda: R$ 94.815,14 ( desconto de 40,74%);Apartamento - 88,21 m2, 2 quarto(s), 1 vaga(s) na garagem - Venda Direta Online;855553737832-7;AVENIDA EDUARDO ANDREA MATARAZZO,N. 4875 Apto. 02 TORRE 2 - BL A, , IPIRANGA
RIBEIRAO PRETO - VITTA VIA NORTE 2;Valor de avaliação: R$ 150.000,00;Valor mínimo de venda: R$ 85.623,96 ( desconto de 42,92%);Apartamento - 2 quarto(s), 1 vaga(s) na garagem - Venda Direta Online;855553741012-3;AVENIDA EDUARDO ANDREA MATARAZZO,N. 4875 Apto. 03 BL C, TORRE 01, , IPIRANGA
RIBEIRAO PRETO - VITTA VIA NORTE 1;Valor de avaliação: R$ 150.000,00;Valor mínimo de venda: R$ 87.819,45 ( desconto de 41,45%);Apartamento - 86,88 m2, 2 quarto(s), 1 vaga(s) na garagem - Venda Direta Online;855553763761-6;AVENIDA EDUARDO ANDREA MATARAZZO,N. 4635 Apto. 12 BLOCO C - TORRE 3, , IPIRANGA
RIBEIRAO PRETO - COND VITA VIA NORTE 2;Valor de avaliação: R$ 150.000,00;Valor mínimo de venda: R$ 85.623,96 ( desconto de 42,92%);Apartamento - 2 quarto(s), 1 vaga(s) na garagem - Venda Direta Online;855553765136-8;AVENIDA EDUARDO ANDREA MATARAZZO,N. 4875 Apto. 32 BL D TORRE 3, , IPIRANGA
RIBEIRAO PRETO - VITTA VIA NORTE 1;Valor de avaliação: R$ 140.000,00;Valor mínimo de venda: R$ 77.866,57 ( desconto de 44,38%);Apartamento - 2 quarto(s), 1 vaga(s) na garagem - Venda Direta Online;855553772349-0;AVENIDA EDUARDO ANDREA MATARAZZO,N. 4635 Apto. 11 TORRE 1 BL E, , IPIRANGA
RIBEIRAO PRETO - VITTA VIA NORTE I;Valor de avaliação: R$ 140.000,00;Valor mínimo de venda: R$ 81.964,82 ( desconto de 41,45%);Apartamento - 86,88 m2, 2 quarto(s), 1 vaga(s) na garagem - Venda Direta Online;855553775528-7;AVENIDA EDUARDO ANDREA MATARAZZO,N. 4635 Apto. 33 TORRE 5, BL B, , IPIRANGA
RIBEIRAO PRETO - COND VITA VIA NORTE 2;Valor de avaliação: R$ 150.000,00;Valor mínimo de venda: R$ 85.623,96 ( desconto de 42,92%);Apartamento - 2 quarto(s), 1 vaga(s) na garagem - Venda Direta Online;855553790773-7;AVENIDA EDUARDO ANDREA MATARAZZO,N. 4635 Apto. 33 BL C TORRE 6, , IPIRANGA
RIBEIRAO PRETO - IPIRANGA;Valor de avaliação: R$ 135.000,00;Valor mínimo de venda: R$ 78.201,87 ( desconto de 42,07%);Apartamento - 86,88 m2, 2 quarto(s), 1 vaga(s) na garagem - Venda Direta Online;855553811102-2;AVENIDA EDUARDO ANDREA MATARAZZO,N. 4635 Apto. 33 TORRE 05 BL F 03 PAVIMENTO,
RIBEIRAO PRETO - VITTA VIA NORTE 2;Valor de avaliação: R$ 175.000,00;Valor mínimo de venda: R$ 96.553,20 ( desconto de 44,83%);Apartamento - 2 quarto(s), 1 vaga(s) na garagem - Venda Direta Online;855553819120-4;AVENIDA EDUARDO ANDREA MATARAZZO,N. 4875 Apto. 32 BL A TORRE 2, , IPIRANGA
RIBEIRAO PRETO - VITTA VIA NORTE 1;Valor de avaliação: R$ 163.500,00;Valor mínimo de venda: R$ 92.044,75 ( desconto de 43,7%);Apartamento - 2 quarto(s), 1 vaga(s) na garagem - Venda Direta Online;855553837009-5;AVENIDA EDUARDO ANDREA MATARAZZO,N. 4635 Apto. 33 ET-7 BL E, , IPIRANGA
RIBEIRAO PRETO - COND VITTA VIA NORTE 2;Valor de avaliação: R$ 175.000,00;Valor mínimo de venda: R$ 101.111,45 ( desconto de 42,22%);Apartamento - 2 quarto(s), 1 vaga(s) na garagem - Venda Direta Online;855553862884-0;AVENIDA EDUARDO ANDREA MATARAZZO,N. 4875 Apto. 04 TORRE-02 BL-F, , IPIRANGA
RIBEIRAO PRETO - VITTA VIA NORTE 2;Valor de avaliação: R$ 138.000,00;Valor mínimo de venda: R$ 79.939,69 ( desconto de 42,07%);Apartamento - 88,21 m2, 2 quarto(s), 1 vaga(s) na garagem - Venda Direta Online;855553863782-2;AVENIDA EDUARDO ANDREA MATARAZZO,N. 4875 Apto. 02 BL D TORRE 5, , IPIRANGA
RIBEIRAO PRETO - VITTA VIA NORTE 1;Valor de avaliação: R$ 140.000,00;Valor mínimo de venda: R$ 81.964,82 ( desconto de 41,45%);Apartamento - 86,89 m2, 2 quarto(s), 1 vaga(s) na garagem - Venda Direta Online;855553887077-2;AVENIDA EDUARDO ANDREA MATARAZZO,N. 4635 Apto. 14 BL E TORRE 05, , IPIRANGA
RIBEIRAO PRETO - VITTA VIA NORTE 1;Valor de avaliação: R$ 160.000,00;Valor mínimo de venda: R$ 94.815,14 ( desconto de 40,74%);Apartamento - 1 vaga(s) na garagem - Venda Direta Online;855553899942-2;AVENIDA EDUARDO ANDREA MATARAZZO,N. 4635 Apto. 14 TORRE 6, BL B, , IPIRANGA
RIBEIRAO PRETO - VITTA VIA NORTE 1;Valor de avaliação: R$ 140.000,00;Valor mínimo de venda: R$ 81.964,82 ( desconto de 41,45%);Apartamento - 86,89 m2, 2 quarto(s), 1 vaga(s) na garagem - Venda Direta Online;855553904819-7;AVENIDA EDUARDO ANDREA MATARAZZO,N. 4635 Apto. 22 2 PAV TR 07 BL E, , IPIRANGA
RIBEIRAO PRETO - VITA VIA NORTE 1;Valor de avaliação: R$ 158.000,00;Valor mínimo de venda: R$ 91.289,20 ( desconto de 42,22%);Apartamento - 2 quarto(s), 1 vaga(s) na garagem - Venda Direta Online;855554000455-6;AVENIDA EDUARDO ANDREA MATARAZZO,N. 4635 Apto. 01 TORRE 06 , BL D 01,, , IPIRANGA
RIBEIRAO PRETO - CONDOMÍNIO VITTA ITAJUBÁ;Valor de avaliação: R$ 154.000,00;Valor mínimo de venda: R$ 90.161,30 ( desconto de 41,45%);Apartamento - 89,41 m2, 2 quarto(s), 1 vaga(s) na garagem - Venda Direta Online;844442968199-3;RUA ITAJUBA,N. 1161 Apto. 21 TORRE 2 BLOCO A, , IPIRANGA
RIBEIRAO PRETO - PARQUE DAS ROSEIRAS;Valor de avaliação: R$ 146.000,00;Valor mínimo de venda: R$ 83.340,66 ( desconto de 42,92%);Apartamento - 2 quarto(s), 1 vaga(s) na garagem - Venda Direta Online;855553628072-2;RUA RIO PARAGUACU,N. 1011 Apto. 301 BL 02, , IPIRANGA
RIBEIRAO PRETO - VITTA RECANTO DA MATA;Valor de avaliação: R$ 145.000,00;Valor mínimo de venda: R$ 84.892,14 ( desconto de 41,45%);Apartamento - 108,39 m2, 2 quarto(s), 1 vaga(s) na garagem - Venda Direta Online;878770849594-3;ESTRADA ANTONIA MUGNATTO MARINCEK,N. 400 Apto. 22 BLOCO B TORRE 1, , JARDIM AEROPORTO
RIBEIRAO PRETO - VITTA RECANTO DA MATA;Valor de avaliação: R$ 155.000,00;Valor mínimo de venda: R$ 90.746,77 ( desconto de 41,45%);Apartamento - 108,39 m2, 2 quarto(s), 1 vaga(s) na garagem - Venda Direta Online;878771393022-9;ESTRADA ANTONIA MUGNATTO MARINCEK,N. 400 Apto. 4 BLOCO C TORRE 2, , JARDIM AEROPORTO
RIBEIRAO PRETO - VITTA RIBEIRÃO VERDE I;Valor de avaliação: R$ 150.000,00;Valor mínimo de venda: R$ 87.819,45 ( desconto de 41,45%);Apartamento - 63,44 m2, 2 quarto(s), 1 vaga(s) na garagem - Venda Direta Online;855552998030-7;RUA ANTONIA MUGNATTO MARINCEK,N. 2255 Apto. 14 BL D, 1ANDAR, TORRE 5, , JARDIM AEROPORTO
RIBEIRAO PRETO - COND LAR AUSTRALIA;Valor de avaliação: R$ 180.000,00;Valor mínimo de venda: R$ 106.667,03 ( desconto de 40,74%);Apartamento - 90,48 m2, 2 quarto(s), 1 vaga(s) na garagem - Venda Direta Online;878771426586-5;RUA PROF OSCAR AUGUSTO GUELLI,N. 150 Apto. 12 BL A TORRE 3, , JARDIM CYBELLI
RIBEIRAO PRETO - LAR AUSTRALIA;Valor de avaliação: R$ 165.000,00;Valor mínimo de venda: R$ 97.778,11 ( desconto de 40,74%);Apartamento - 85,92 m2, 2 quarto(s), 1 vaga(s) na garagem - Venda Direta Online;878771106874-0;RUA PROFESSOR OSCAR AUGUSTO GUELLI,N. 150 Apto. 32 BL B TORRE 1, , JARDIM CYBELLI
RIBEIRAO PRETO - VITTA RECANTO DA MATA;Valor de avaliação: R$ 172.167,75;Valor mínimo de venda: R$ 102.025,68 ( desconto de 40,74%);Apartamento - 108,39 m2, 2 quarto(s), 1 vaga(s) na garagem - Venda Direta Online;878770931269-9;VIA JERONIMO ALFREDO AMOR ESPIN,N. 400 Apto. 31 BL F, TORRE 1, , JARDIM DAS PALMEIRAS
RIBEIRAO PRETO - VITTA RECANTO DA MATA;Valor de avaliação: R$ 145.000,00;Valor mínimo de venda: R$ 84.892,14 ( desconto de 41,45%);Apartamento - 108,39 m2, 2 quarto(s) - Venda Direta Online;878771123888-3;VIA JERÔNIMO ALFREDO AMOR ESPIN,N. 400 Apto. 23 BL. B, TR. 2, , JARDIM DAS PALMEIRAS
RIBEIRAO PRETO - VITTA RECANTO DAS PALMEIRAS;Valor de avaliação: R$ 145.000,00;Valor mínimo de venda: R$ 84.892,14 ( desconto de 41,45%);Apartamento - 101,48 m2, 2 quarto(s), 1 vaga(s) na garagem - Venda Direta Online;855553840945-5;AVENIDA DOUTOR FERNANDO MENDES GARCIA,N. 2720 Apto. 33 BL C, TR 07, , JARDIM DIVA TARLA DE CARVALHO
RIBEIRAO PRETO - VITTA RECANTO DAS PALMEIRAS;Valor de avaliação: R$ 141.000,00;Valor mínimo de venda: R$ 82.550,28 ( desconto de 41,45%);Apartamento - 101,48 m2, 2 quarto(s), 1 vaga(s) na garagem - Venda Direta Online;855553845207-5;AVENIDA DOUTOR FERNANDO MENDES GARCIA,N. 2720 Apto. 22 BLOCO A TORRE 5, , JARDIM DIVA TARLA DE CARVALHO
RIBEIRAO PRETO - VITTA RECANTO DAS PALMEIRAS;Valor de avaliação: R$ 150.000,00;Valor mínimo de venda: R$ 87.819,45 ( desconto de 41,45%);Apartamento - 101,48 m2, 2 quarto(s), 1 vaga(s) na garagem - Venda Direta Online;855553853864-6;AVENIDA DOUTOR FERNANDO MENDES GARCIA,N. 2720 Apto. 32 03 PAVIMENTO BL B TORRE 04, , JARDIM DIVA TARLA DE CARVALHO
RIBEIRAO PRETO - RES VITTA RECANTO DAS PALMEIRAS;Valor de avaliação: R$ 135.000,00;Valor mínimo de venda: R$ 74.595,34 ( desconto de 44,74%);Apartamento - 2 quarto(s), 1 vaga(s) na garagem - Venda Direta Online;855553861121-1;AVENIDA DOUTOR FERNANDO MENDES GARCIA,N. 2720 Apto. 4 BLOCO A TORRE 04, , JARDIM DIVA TARLA DE CARVALHO
RIBEIRAO PRETO - VITTA RECANTO DAS PALMEIRAS;Valor de avaliação: R$ 150.000,00;Valor mínimo de venda: R$ 87.819,45 ( desconto de 41,45%);Apartamento - 2 quarto(s), 1 vaga(s) na garagem - Venda Direta Online;855553904152-4;AVENIDA DOUTOR FERNANDO MENDES GARCIA,N. 2720 Apto. 32 PAV 03 BL A T 02, , JARDIM DIVA TARLA DE CARVALHO
RIBEIRAO PRETO - VITTA RECANTO DAS PALMEIRAS;Valor de avaliação: R$ 150.000,00;Valor mínimo de venda: R$ 87.819,45 ( desconto de 41,45%);Apartamento - 101,48 m2, 2 quarto(s), 1 vaga(s) na garagem - Venda Direta Online;855553973063-0;AVENIDA DOUTOR FERNANDO MENDES GARCIA,N. 2720 Apto. 34 BL A TORRE 2, , JARDIM DIVA TARLA DE CARVALHO
RIBEIRAO PRETO - VITTA RECANTO DAS PALMEIRAS;Valor de avaliação: R$ 140.000,00;Valor mínimo de venda: R$ 79.915,69 ( desconto de 42,92%);Apartamento - 2 quarto(s), 1 vaga(s) na garagem - Venda Direta Online;855553991302-5;AVENIDA DOUTOR FERNANDO MENDES GARCIA,N. 2720 Apto. 3 BL-F TORRE-04, , JARDIM DIVA TARLA DE CARVALHO
RIBEIRAO PRETO - VITTA RECANTO DAS PALMEIRAS;Valor de avaliação: R$ 149.000,00;Valor mínimo de venda: R$ 87.233,99 ( desconto de 41,45%);Apartamento - 101,48 m2, 2 quarto(s), 1 vaga(s) na garagem - Venda Direta Online;855554013845-5;AVENIDA DOUTOR FERNANDO MENDES GARCIA,N. 2720 Apto. 11 BL B TORRE 3, , JARDIM DIVA TARLA DE CARVALHO
RIBEIRAO PRETO - VITTA RECANTO DAS PALMEIRAS;Valor de avaliação: R$ 145.000,00;Valor mínimo de venda: R$ 84.892,14 ( desconto de 41,45%);Apartamento - 101,48 m2, 2 quarto(s), 1 vaga(s) na garagem - Venda Direta Online;855554024371-2;AVENIDA DOUTOR FERNANDO MENDES GARCIA,N. 2720 Apto. 33 BL D TORRE 05, , JARDIM DIVA TARLA DE CARVALHO
RIBEIRAO PRETO - COND TOPLIFE SAN FRANCISCO;Valor de avaliação: R$ 145.000,00;Valor mínimo de venda: R$ 84.892,14 ( desconto de 41,45%);Apartamento - 97,59 m2, 2 quarto(s), 1 vaga(s) na garagem - Venda Direta Online;878771097146-3;RUA ADEMIR SPAGNOL MILUZZI,N. 700 Apto. 3 BLOCO E TORRE 3, , JARDIM DIVA TARLA DE CARVALHO
RIBEIRAO PRETO - COND TOPLIFE SAN FRANCISCO;Valor de avaliação: R$ 180.000,00;Valor mínimo de venda: R$ 106.667,03 ( desconto de 40,74%);Apartamento - 93,17 m2, 2 quarto(s), 1 vaga(s) na garagem - Venda Direta Online;878771522785-1;RUA ADEMIR SPAGNOL MILUZZI,N. 700 Apto. 31 BL B TORRE 1, , JARDIM DIVA TARLA DE CARVALHO
RIBEIRAO PRETO - VITTA RECANTO DA MATA;Valor de avaliação: R$ 150.000,00;Valor mínimo de venda: R$ 87.819,45 ( desconto de 41,45%);Apartamento - 108,39 m2, 2 quarto(s) - Venda Direta Online;878771137698-4;VIA JERÔNIMO ALFREDO AMOR ESPIN,N. 400 Apto. 11 BL A TORRE 2, , JARDIM FLORESTAN FERNANDES
RIBEIRAO PRETO - VITTA RECANTO DAS PALMEIRAS;Valor de avaliação: R$ 144.924,36;Valor mínimo de venda: R$ 84.847,85 ( desconto de 41,45%);Apartamento - 101,48 m2, 2 quarto(s), 1 vaga(s) na garagem - Venda Direta Online;855554013970-2;AVENIDA DOUTOR FERNANDO MENDES GARCIA,N. 2720 Apto. 34 BLOCO F TORRE 3, , JARDIM FLORESTAN FERNANDES
RIBEIRAO PRETO - VITTA RECANTO DA MATA;Valor de avaliação: R$ 147.000,00;Valor mínimo de venda: R$ 86.063,06 ( desconto de 41,45%);Apartamento - 108,39 m2, 2 quarto(s), 1 vaga(s) na garagem - Venda Direta Online;878771379122-9;R. JERÔNIMO ALFREDO AMOR ESPIN,N. 400 Apto. 01 BLOCO B TORRE 1, , JARDIM FLORESTAN FERNANDES
RIBEIRAO PRETO - VITTA HEITOR RIGON 1;Valor de avaliação: R$ 147.000,00;Valor mínimo de venda: R$ 86.063,06 ( desconto de 41,45%);Apartamento - 87,78 m2, 2 quarto(s), 1 vaga(s) na garagem - Venda Direta Online;855553694980-0;RUA JOSE DE ALCANTARA,N. 1075 Apto. 32 TORRE 2, BLD, , JARDIM HEITOR RIGON
RIBEIRAO PRETO - VITTA HEITOR RIGON 1;Valor de avaliação: R$ 155.000,00;Valor mínimo de venda: R$ 90.746,77 ( desconto de 41,45%);Apartamento - 112,23 m2, 2 quarto(s), 1 vaga(s) na garagem - Venda Direta Online;855553841508-0;RUA JOSE DE ALCANTARA,N. 1075 Apto. 3 TORRE 2 BLOCO D, , JARDIM HEITOR RIGON
RIBEIRAO PRETO - VITTA HEITOR RIGON 2;Valor de avaliação: R$ 142.000,00;Valor mínimo de venda: R$ 83.135,75 ( desconto de 41,45%);Apartamento - 2 quarto(s), 1 vaga(s) na garagem - Venda Direta Online;855553844235-5;RUA JOSE DE ALCANTARA,N. 1115 Apto. 03 TR 7 BL A, , JARDIM HEITOR RIGON
RIBEIRAO PRETO - VITTA HEITOR RIGON 1;Valor de avaliação: R$ 190.000,00;Valor mínimo de venda: R$ 114.838,57 ( desconto de 39,56%);Apartamento - 105,68 m2, 2 quarto(s), 1 vaga(s) na garagem - Venda Direta Online;855553913031-4;RUA JOSE DE ALCANTARA,N. 1075 Apto. 01 TORRE 02 BL B, , JARDIM HEITOR RIGON
RIBEIRAO PRETO - VITTA HEITOR RIGON 1;Valor de avaliação: R$ 140.000,00;Valor mínimo de venda: R$ 77.866,57 ( desconto de 44,38%);Apartamento - 2 quarto(s), 1 vaga(s) na garagem - Venda Direta Online;855553913912-5;RUA JOSE DE ALCANTARA,N. 1075 Apto. 03 TR 02 BL C, , JARDIM HEITOR RIGON
RIBEIRAO PRETO - VITTA HEITOR RIGON 2;Valor de avaliação: R$ 153.000,00;Valor mínimo de venda: R$ 85.097,04 ( desconto de 44,38%);Apartamento - 2 quarto(s), 1 vaga(s) na garagem - Venda Direta Online;855553982149-0;RUA JOSE DE ALCANTARA,N. 1115 Apto. 03 BL B, TORRE 7, , JARDIM HEITOR RIGON
RIBEIRAO PRETO - VITTA HEITOR RIGON 3;Valor de avaliação: R$ 174.084,17;Valor mínimo de venda: R$ 103.161,34 ( desconto de 40,74%);Apartamento - 89,45 m2, 2 quarto(s), 1 vaga(s) na garagem - Venda Direta Online;878770160369-4;RUA JOSE DE ALCANTARA,N. 765 Apto. 34 TORRE 4 - BLOCO A -, , JARDIM HEITOR RIGON
RIBEIRAO PRETO - VITTA HEITOR RIGON 3;Valor de avaliação: R$ 142.000,00;Valor mínimo de venda: R$ 83.135,75 ( desconto de 41,45%);Apartamento - 89,45 m2, 2 quarto(s), 1 vaga(s) na garagem - Venda Direta Online;878770179414-7;RUA JOSE DE ALCANTARA,N. 765 Apto. 21 BL D TORRE 2, , JARDIM HEITOR RIGON
RIBEIRAO PRETO - VITTA HEITOR RIGON 3;Valor de avaliação: R$ 142.000,00;Valor mínimo de venda: R$ 83.135,75 ( desconto de 41,45%);Apartamento - 89,45 m2, 2 quarto(s) - Venda Direta Online;878770298962-6;RUA JOSE DE ALCANTARA,N. 765 Apto. 22 BLB, TR 3, , JARDIM HEITOR RIGON
RIBEIRAO PRETO - VITTA HEITOR RIGON 3;Valor de avaliação: R$ 146.000,00;Valor mínimo de venda: R$ 79.537,77 ( desconto de 45,52%);Apartamento - 2 quarto(s), 1 vaga(s) na garagem - Venda Direta Online;878770673121-6;RUA JOSE DE ALCANTARA,N. 765 Apto. 1 BL D, TR 02, , JARDIM HEITOR RIGON
RIBEIRAO PRETO - VITTA HEITOR RIGON 3;Valor de avaliação: R$ 142.000,00;Valor mínimo de venda: R$ 83.135,75 ( desconto de 41,45%);Apartamento - 43,06 m2, 2 quarto(s), 1 vaga(s) na garagem - Venda Direta Online;878770876172-4;RUA JOSE DE ALCANTARA,N. 765 Apto. 04 BL F TORRE 5, , JARDIM HEITOR RIGON
RIBEIRAO PRETO - PQ ROMANCE;Valor de avaliação: R$ 150.000,00;Valor mínimo de venda: R$ 87.819,45 ( desconto de 41,45%);Apartamento - 103,06 m2, 2 quarto(s), 1 vaga(s) na garagem - Venda Direta Online;844443093993-1;AVENIDA ALFREDO RAVANELI,N. 3409 Apto. 207 AP 207 BL 05, , JARDIM HELENA
RIBEIRAO PRETO - VITTA JARDIM INTERLAGOS;Valor de avaliação: R$ 180.000,00;Valor mínimo de venda: R$ 106.667,03 ( desconto de 40,74%);Apartamento - 98,67 m2, 2 quarto(s) - Venda Direta Online;844442957180-2;RUA ZILDA DE SOUZA RIZZI,N. 751 Apto. 21 BL E - TORRE 5, , JARDIM INTERLAGOS
RIBEIRAO PRETO - VITTA JARDIM INTERLAGOS;Valor de avaliação: R$ 203.000,00;Valor mínimo de venda: R$ 122.695,94 ( desconto de 39,56%);Apartamento - 98,67 m2, 2 quarto(s), 1 vaga(s) na garagem - Venda Direta Online;878770232748-8;RUA ZILDA DE SOUZA RIZZI,N. 751 Apto. 11 BL D TORRE 03, , JARDIM INTERLAGOS
RIBEIRAO PRETO - LAR SAN MARINO;Valor de avaliação: R$ 150.000,00;Valor mínimo de venda: R$ 87.819,45 ( desconto de 41,45%);Apartamento - 109,17 m2, 2 quarto(s), 1 vaga(s) na garagem - Venda Direta Online;878771231323-4;AVENIDA TEREZA PALMEIRA GALLON,N. 611 Apto. 14 BL E, TORRE 1, , JARDIM ITAU
RIBEIRAO PRETO - LAR SAN MARINO;Valor de avaliação: R$ 175.000,00;Valor mínimo de venda: R$ 103.704,06 ( desconto de 40,74%);Apartamento - 109,18 m2, 2 quarto(s), 1 vaga(s) na garagem - Venda Direta Online;878771427004-4;AVENIDA TEREZA PALMEIRA GALLON,N. 611 Apto. 2 BL. D, TR. 1, , JARDIM ITAU
RIBEIRAO PRETO - CONDOMÍNIO VITTA ITAJUBÁ;Valor de avaliação: R$ 152.000,00;Valor mínimo de venda: R$ 84.540,86 ( desconto de 44,38%);Apartamento - 2 quarto(s), 1 vaga(s) na garagem - Venda Direta Online;855553132257-5;RUA ITAJUBA,N. 1161 Apto. 3 BL B TORRE 5, , JARDIM JAVARI
RIBEIRAO PRETO - PARQUE ROMENIA;Valor de avaliação: R$ 163.500,00;Valor mínimo de venda: R$ 96.889,22 ( desconto de 40,74%);Apartamento - 1 vaga(s) na garagem - Venda Direta Online;844442520481-3;RUA OVIDIO COLUS,N. 51 Apto. 403 BL 7, , JARDIM JOSE SAMPAIO JUNIOR
RIBEIRAO PRETO - LAR SUIÇA;Valor de avaliação: R$ 157.000,00;Valor mínimo de venda: R$ 93.037,35 ( desconto de 40,74%);Apartamento - 84,31 m2, 2 quarto(s) - Venda Direta Online;855553608817-1;RUA DOUTOR GALDOS ANGULO,N. 880 Apto. 13 TR 4 - ZURIQUE, BL D, , JARDIM JOSE WILSON TONI
RIBEIRAO PRETO - LAR ALEMANHA;Valor de avaliação: R$ 155.000,00;Valor mínimo de venda: R$ 90.746,77 ( desconto de 41,45%);Apartamento - 82,58 m2, 2 quarto(s), 1 vaga(s) na garagem - Venda Direta Online;878770684868-7;RUA DOUTOR GALDOS ANGULO,N. 600 Apto. 33 BLOCO B, TORRE 4, , JARDIM JOSE WILSON TONI
RIBEIRAO PRETO - LAR ALEMANHA;Valor de avaliação: R$ 170.000,00;Valor mínimo de venda: R$ 100.741,08 ( desconto de 40,74%);Apartamento - 42,5 m2, 2 quarto(s), 1 vaga(s) na garagem - Venda Direta Online;878770750505-8;RUA DOUTOR GALDOS ANGULO,N. 600 Apto. 04 BL D TORRE 02, , JARDIM JOSE WILSON TONI
RIBEIRAO PRETO - LAR ALEMANHA;Valor de avaliação: R$ 158.000,00;Valor mínimo de venda: R$ 93.629,95 ( desconto de 40,74%);Apartamento - 82,58 m2, 2 quarto(s), 1 vaga(s) na garagem - Venda Direta Online;878770828630-9;RUA DOUTOR GALDOS ANGULO,N. 600 Apto. 32 BL C TORRE 5, , JARDIM JOSE WILSON TONI
RIBEIRAO PRETO - LAR ALEMANHA;Valor de avaliação: R$ 140.322,00;Valor mínimo de venda: R$ 82.153,34 ( desconto de 41,45%);Apartamento - 1 vaga(s) na garagem - Venda Direta Online;878770854924-5;RUA DOUTOR GALDOS ANGULO,N. 600 Apto. 32 3º PAVIMENTO, BLOCO C, TORRE 2, , JARDIM JOSE WILSON TONI
RIBEIRAO PRETO - LAR ALEMANHA;Valor de avaliação: R$ 140.000,00;Valor mínimo de venda: R$ 81.964,82 ( desconto de 41,45%);Apartamento - 82,58 m2, 2 quarto(s), 1 vaga(s) na garagem - Venda Direta Online;878770921755-6;RUA DOUTOR GALDOS ANGULO,N. 600 Apto. 33 BL A TORRE 03, , JARDIM JOSE WILSON TONI
RIBEIRAO PRETO - RES UIRAPURU;Valor de avaliação: R$ 143.000,00;Valor mínimo de venda: R$ 77.903,43 ( desconto de 45,52%);Apartamento - 2 quarto(s), 1 vaga(s) na garagem - Venda Direta Online;855552351371-5;AVENIDA DOS ANDRADAS,N. 700 Apto. 12 BL 03, , JARDIM MARCHESI
RIBEIRAO PRETO - COND VITTA VILLA VIRGINIA II;Valor de avaliação: R$ 150.000,00;Valor mínimo de venda: R$ 89.281,64 ( desconto de 40,48%);Apartamento - 2 quarto(s), 1 vaga(s) na garagem - Venda Direta Online;144441939170-6;RUA JURUA,N. 891 Apto. 34 TR 01 BL C, , JARDIM MARIA GORETTI
RIBEIRAO PRETO - RESIDENCIAL CROMO;Valor de avaliação: R$ 145.000,00;Valor mínimo de venda: R$ 84.892,14 ( desconto de 41,45%);Apartamento - 66,25 m2, 2 quarto(s), 1 vaga(s) na garagem - Venda Direta Online;878771350551-0;RUA PROF AYLTON RICOY DE OLIVEIRA (ANTIGA R UM),N. 925 Apto. 301 BL 24 PV 03 VG 133, , JARDIM OURO BRANCO
RIBEIRAO PRETO - RES PALADIO;Valor de avaliação: R$ 155.000,00;Valor mínimo de venda: R$ 90.746,77 ( desconto de 41,45%);Apartamento - 79,93 m2, 2 quarto(s), 1 vaga(s) na garagem - Venda Direta Online;878770970731-6;RUA PROFESSOR AYLTON RICOY DE OLIVEIRA,N. 605 Apto. 304 BL 17, , JARDIM OURO BRANCO
RIBEIRAO PRETO - RESIDENCIAL PALADIO;Valor de avaliação: R$ 175.000,00;Valor mínimo de venda: R$ 103.704,06 ( desconto de 40,74%);Apartamento - 79,93 m2, 2 quarto(s), 1 vaga(s) na garagem - Venda Direta Online;878771034798-0;RUA PROFESSOR AYLTON RICOY DE OLIVEIRA,N. 605 Apto. 402 BLOCO 20 VAGA 153, , JARDIM OURO BRANCO
RIBEIRAO PRETO - RESIDENCIAL CROMO;Valor de avaliação: R$ 158.454,67;Valor mínimo de venda: R$ 93.899,38 ( desconto de 40,74%);Apartamento - 64,24 m2, 2 quarto(s), 1 vaga(s) na garagem - Venda Direta Online;878771234582-9;RUA PROFESSOR AYLTON RICOY DE OLIVEIRA,N. 925 Apto. 403 BL2 4PAV, , JARDIM OURO BRANCO
RIBEIRAO PRETO - RESIDENCIAL CROMO;Valor de avaliação: R$ 155.000,00;Valor mínimo de venda: R$ 90.746,77 ( desconto de 41,45%);Apartamento - 64,24 m2, 2 quarto(s) - Venda Direta Online;878771303982-9;RUA PROFESSOR AYLTON RICOY DE OLIVEIRA,N. 925 Apto. 401 BL 24, , JARDIM OURO BRANCO
RIBEIRAO PRETO - RESIDENCIAL PALADIO;Valor de avaliação: R$ 175.000,00;Valor mínimo de venda: R$ 103.704,06 ( desconto de 40,74%);Apartamento - 93,62 m2, 2 quarto(s), 1 vaga(s) na garagem - Venda Direta Online;878771362507-8;RUA PROFESSOR AYLTON RICOY DE OLIVEIRA,N. 605 Apto. 102 BL17, , JARDIM OURO BRANCO
RIBEIRAO PRETO - RESIDENCIAL CROMO;Valor de avaliação: R$ 150.000,00;Valor mínimo de venda: R$ 87.819,45 ( desconto de 41,45%);Apartamento - 64,24 m2, 2 quarto(s), 1 vaga(s) na garagem - Venda Direta Online;878771455476-0;RUA PROFESSOR AYLTON RICOY DE OLIVEIRA,N. 925 Apto. 303 BL 5, , JARDIM OURO BRANCO
RIBEIRAO PRETO - RESIDENCIAL CROMO;Valor de avaliação: R$ 155.000,00;Valor mínimo de venda: R$ 90.746,77 ( desconto de 41,45%);Apartamento - 64,25 m2, 2 quarto(s) - Venda Direta Online;878771484184-0;RUA PROFESSOR AYLTON RICOY DE OLIVEIRA,N. 925 Apto. 401 BL 28, , JARDIM OURO BRANCO
RIBEIRAO PRETO - RESIDENCIAL CROMO;Valor de avaliação: R$ 170.000,00;Valor mínimo de venda: R$ 100.741,08 ( desconto de 40,74%);Apartamento - 70,14 m2, 2 quarto(s), 1 vaga(s) na garagem - Venda Direta Online;878771488402-6;RUA PROFESSOR AYLTON RICOY DE OLIVEIRA,N. 925 Apto. 302 BL 29, , JARDIM OURO BRANCO
RIBEIRAO PRETO - RES PALADIO;Valor de avaliação: R$ 156.000,00;Valor mínimo de venda: R$ 92.444,76 ( desconto de 40,74%);Apartamento - 1 vaga(s) na garagem - Venda Direta Online;878771491997-0;RUA PROFESSOR AYLTON RICOY DE OLIVEIRA,N. 605 Apto. 102 1 PAV BL 03 VAGA DE GARAGEM N.323, , JARDIM OURO BRANCO
RIBEIRAO PRETO - RES PALADIO;Valor de avaliação: R$ 190.000,00;Valor mínimo de venda: R$ 111.967,60 ( desconto de 41,07%);Apartamento - 2 quarto(s), 1 vaga(s) na garagem - Venda Direta Online;878771510087-8;RUA PROFESSOR AYLTON RICOY DE OLIVEIRA,N. 605 Apto. 302 BL 03, , JARDIM OURO BRANCO
RIBEIRAO PRETO - RES PALADIO;Valor de avaliação: R$ 141.000,00;Valor mínimo de venda: R$ 82.550,28 ( desconto de 41,45%);Apartamento - 1 vaga(s) na garagem - Venda Direta Online;878771510107-6;RUA PROFESSOR AYLTON RICOY DE OLIVEIRA,N. 605 Apto. 403 BL 04 VG 115, , JARDIM OURO BRANCO
RIBEIRAO PRETO - RES PALADIO;Valor de avaliação: R$ 158.000,00;Valor mínimo de venda: R$ 93.629,95 ( desconto de 40,74%);Apartamento - 105,63 m2, 2 quarto(s), 1 vaga(s) na garagem - Venda Direta Online;878771514954-0;RUA PROFESSOR AYLTON RICOY DE OLIVEIRA,N. 605 Apto. 102 1º PAVIMENTO, BLOCO 6, , JARDIM OURO BRANCO
RIBEIRAO PRETO - RESIDENCIAL CROMO;Valor de avaliação: R$ 170.000,00;Valor mínimo de venda: R$ 100.741,08 ( desconto de 40,74%);Apartamento - 64,24 m2, 2 quarto(s), 1 vaga(s) na garagem - Venda Direta Online;878771544089-0;RUA PROFESSOR AYLTON RICOY DE OLIVEIRA,N. 925 Apto. 201 PAV 2, BL 04, , JARDIM OURO BRANCO
RIBEIRAO PRETO - RESIDENCIAL CROMO;Valor de avaliação: R$ 157.000,00;Valor mínimo de venda: R$ 93.037,35 ( desconto de 40,74%);Apartamento - 64,24 m2 - Venda Direta Online;878771590233-8;RUA PROFESSOR AYLTON RICOY DE OLIVEIRA,N. 925 Apto. 401 BL 15, LT 09 QD 01, , JARDIM OURO BRANCO
RIBEIRAO PRETO - RESIDENCIAL CROMO;Valor de avaliação: R$ 180.000,00;Valor mínimo de venda: R$ 106.667,03 ( desconto de 40,74%);Apartamento - 64,24 m2, 2 quarto(s), 1 vaga(s) na garagem - Venda Direta Online;878771592326-2;RUA PROFESSOR AYLTON RICOY DE OLIVEIRA,N. 925 Apto. 201 BL 10, , JARDIM OURO BRANCO
RIBEIRAO PRETO - RESIDENCIAL CROMO;Valor de avaliação: R$ 164.000,00;Valor mínimo de venda: R$ 97.185,51 ( desconto de 40,74%);Apartamento - 93,46 m2, 2 quarto(s), 1 vaga(s) na garagem - Venda Direta Online;878771670090-9;RUA PROFESSOR AYLTON RICOY DE OLIVEIRA,N. 925 Apto. 103 PAV01, BL 11, , JARDIM OURO BRANCO
RIBEIRAO PRETO - RESIDENCIAL CROMO;Valor de avaliação: R$ 203.000,00;Valor mínimo de venda: R$ 122.695,94 ( desconto de 39,56%);Apartamento - 68,52 m2, 2 quarto(s), 1 vaga(s) na garagem - Venda Direta Online;878771675999-7;RUA PROFESSOR AYLTON RICOY DE OLIVEIRA,N. 925 Apto. 403 BL 31 VAGA 222, , JARDIM OURO BRANCO
RIBEIRAO PRETO - RESIDENCIAL CROMO;Valor de avaliação: R$ 180.000,00;Valor mínimo de venda: R$ 106.667,03 ( desconto de 40,74%);Apartamento - 72,26 m2, 2 quarto(s), 1 vaga(s) na garagem - Venda Direta Online;878771714852-5;RUA PROFESSOR AYLTON RICOY DE OLIVEIRA,N. 925 Apto. 302 BL 23, , JARDIM OURO BRANCO
RIBEIRAO PRETO - ED JUPITER CJ MORADA DOS DEUSES;Valor de avaliação: R$ 290.000,00;Valor mínimo de venda: R$ 184.821,15 ( desconto de 36,27%);Apartamento - 118,85 m2, 3 quarto(s), 1 vaga(s) na garagem - Venda Direta Online;144441406069-8;RUA IGUAPE,N. 12 Apto. 62, , JARDIM PAULISTA
RIBEIRAO PRETO - VITTA JARDIM DOS FLAMBOYANTS;Valor de avaliação: R$ 184.000,00;Valor mínimo de venda: R$ 111.212,08 ( desconto de 39,56%);Apartamento - 94,93 m2, 2 quarto(s), 1 vaga(s) na garagem - Venda Direta Online;878770884697-5;RUA JOAO CARVALHO RUFINO,N. 1400 Apto. 32 BL C TORRE 3, , LOTEAMENTO SANTA MARTA
RIBEIRAO PRETO - VITTA JARDIM DOS FLAMBOYANTS;Valor de avaliação: R$ 211.000,00;Valor mínimo de venda: R$ 127.531,25 ( desconto de 39,56%);Apartamento - 1 vaga(s) na garagem - Venda Direta Online;878771250938-4;RUA JOAO CARVALHO RUFINO,N. 1400 Apto. 23 PAV 2 BL A TORRE 4, , LOTEAMENTO SANTA MARTA
RIBEIRAO PRETO - PARQUE RESIDENCE;Valor de avaliação: R$ 150.000,00;Valor mínimo de venda: R$ 87.819,45 ( desconto de 41,45%);Apartamento - 105,97 m2, 1 vaga(s) na garagem - Venda Direta Online;855552730082-1;ALAMEDA FRANCISCO CRISTOFANI,N. 795 Apto. 402 PAV 04 ANDAR 03 BL 01 VG 26, , PARQUE DOS LAGOS
RIBEIRAO PRETO - PARQUE RESIDENCE;Valor de avaliação: R$ 152.000,00;Valor mínimo de venda: R$ 88.990,38 ( desconto de 41,45%);Apartamento - 2 quarto(s), 1 vaga(s) na garagem - Venda Direta Online;855553100084-5;ALAMEDA FRANCISCO CRISTOFANI,N. 795 Apto. 407 BLOCO 5, VAGA Nº 159, PARQUE DOS LAGOS
RIBEIRAO PRETO - VITTA PARQUE DOS PINUS;Valor de avaliação: R$ 156.000,00;Valor mínimo de venda: R$ 92.444,76 ( desconto de 40,74%);Apartamento - 91,4 m2, 2 quarto(s), 1 vaga(s) na garagem - Venda Direta Online;878770778170-5;AVENIDA ERNESTO GUEVARA LA SERNA,N. 1150 Apto. 24 TORRE 1 BL B, , PARQUE DOS PINUS
RIBEIRAO PRETO - VITTA PARQUE DOS PINUS;Valor de avaliação: R$ 167.000,00;Valor mínimo de venda: R$ 96.489,21 ( desconto de 42,22%);Apartamento - 2 quarto(s), 1 vaga(s) na garagem - Venda Direta Online;878770885889-2;RUA ERNESTO GUEVARA LA SERNA,N. 1150 Apto. 12 TR 04 BL B, , PARQUE DOS PINUS
RIBEIRAO PRETO - VITTA IPIRANGA II;Valor de avaliação: R$ 145.500,93;Valor mínimo de venda: R$ 85.185,41 ( desconto de 41,45%);Apartamento - 88,42 m2, 2 quarto(s) - Venda Direta Online;855553293771-9;RUA PALMIRO BIM,N. 597 Apto. 22 BL C - TORRE 4, , PARQUE DOS PINUS
RIBEIRAO PRETO - VITTA IPIRANGA II;Valor de avaliação: R$ 163.000,00;Valor mínimo de venda: R$ 89.932,41 ( desconto de 44,83%);Apartamento - 2 quarto(s), 1 vaga(s) na garagem - Venda Direta Online;855553307444-7;RUA PALMIRO BIM,N. 597 Apto. 21 TORRE 5 BL C, , PARQUE DOS PINUS
RIBEIRAO PRETO - VITTA IPIRANGA II;Valor de avaliação: R$ 130.000,00;Valor mínimo de venda: R$ 75.305,50 ( desconto de 42,07%);Apartamento - 88,42 m2, 2 quarto(s), 1 vaga(s) na garagem - Venda Direta Online;855553320773-0;RUA PALMIRO BIM,N. 597 Apto. 11 TORRE 02 - BLOCO F, , PARQUE DOS PINUS
RIBEIRAO PRETO - PARQUE ROYAL GARDEN;Valor de avaliação: R$ 180.000,00;Valor mínimo de venda: R$ 106.667,03 ( desconto de 40,74%);Apartamento - 2 quarto(s), 1 vaga(s) na garagem - Venda Direta Online;878770068378-3;RUA FRANCISCO DE ALMEIDA,N. 1100 Apto. 305 BL 6, VG 179, , PARQUE SAO SEBASTIAO
RIBEIRAO PRETO - LAR SUIÇA;Valor de avaliação: R$ 161.000,00;Valor mínimo de venda: R$ 95.407,73 ( desconto de 40,74%);Apartamento - 84,31 m2, 2 quarto(s), 1 vaga(s) na garagem - Venda Direta Online;855553609542-9;RUA DOUTOR GALDOS ANGULO,N. 880 Apto. 04 TORRE 4 ZURIQUE BL C, , PLANALTO VERDE
RIBEIRAO PRETO - RESIDENCIAL BOSQUE DO CERRADO;Valor de avaliação: R$ 133.000,00;Valor mínimo de venda: R$ 77.043,32 ( desconto de 42,07%);Apartamento - 2 quarto(s), 1 vaga(s) na garagem - Venda Direta Online;855552965834-0;RUA LARA NILSA RAFFAINI CACAO,N. 630 Apto. 33 BL 19, , QUINTINO FACCI II
RIBEIRAO PRETO - RESIDENCIAL BOSQUE DO CERRADO;Valor de avaliação: R$ 131.683,08;Valor mínimo de venda: R$ 76.280,47 ( desconto de 42,07%);Apartamento - 106,52 m2, 2 quarto(s), 1 vaga(s) na garagem - Venda Direta Online;855553077211-9;RUA LARA NILSA RAFFAINI CACAO,N. 630 Apto. 11 BL 18, , QUINTINO FACCI II
RIBEIRAO PRETO - LAR ITALIA;Valor de avaliação: R$ 160.000,00;Valor mínimo de venda: R$ 94.815,14 ( desconto de 40,74%);Apartamento - 2 quarto(s), 1 vaga(s) na garagem - Venda Direta Online;855553850361-3;ESTRADA MUNICIPAL - RPR 432,N. 100 Apto. 24 2 PAV TORRE 6 VERONA, , RECANTO DAS PALMEIRAS
RIBEIRAO PRETO - LAR ITALIA;Valor de avaliação: R$ 158.000,00;Valor mínimo de venda: R$ 89.408,98 ( desconto de 43,41%);Apartamento - 2 quarto(s) - Venda Direta Online;855553774250-9;ESTRADA MUNICIPAL RPR 432,N. 100 Apto. 31 BL D, , RECANTO DAS PALMEIRAS
RIBEIRAO PRETO - LAR ITALIA;Valor de avaliação: R$ 162.000,00;Valor mínimo de venda: R$ 96.000,33 ( desconto de 40,74%);Apartamento - 88,89 m2, 2 quarto(s) - Venda Direta Online;855553774814-0;RUA CIRCULAR,N. 100 Apto. 4 TR. 3, BL. A, , RECANTO DAS PALMEIRAS
RIBEIRAO PRETO - LAR ITALIA;Valor de avaliação: R$ 161.000,00;Valor mínimo de venda: R$ 95.407,73 ( desconto de 40,74%);Apartamento - 88,89 m2, 2 quarto(s) - Venda Direta Online;855553802327-1;RUA CIRCULAR,N. 100 Apto. 34 TR. 04, BL. B, ESTRADA MUNICIPAL RPR 432, , RECANTO DAS PALMEIRAS
RIBEIRAO PRETO - COND RESERVA DAS IRIS;Valor de avaliação: R$ 215.000,00;Valor mínimo de venda: R$ 129.948,90 ( desconto de 39,56%);Apartamento - 93,45 m2, 2 quarto(s), 1 vaga(s) na garagem - Venda Direta Online;878771539948-2;RUA CLEUSA APARECIDA DA CUNHA JANUARIO (ANT RUA 05,N. 180 Apto. 304 12, , RECREIO DAS ACACIAS
RIBEIRAO PRETO - PALACIO IMPERIAL;Valor de avaliação: R$ 172.000,00;Valor mínimo de venda: R$ 101.926,27 ( desconto de 40,74%);Apartamento - 80,32 m2, 2 quarto(s), 1 vaga(s) na garagem - Venda Direta Online;878770757243-0;RUA JOÃO E GUIOMAR SOEIRA,N. 155 Apto. 404 BL 73 VAGA N 742, , RESERVA IMPERIAL
RIBEIRAO PRETO - CONQUISTA HORIZONTE;Valor de avaliação: R$ 163.000,00;Valor mínimo de venda: R$ 96.592,92 ( desconto de 40,74%);Apartamento - 91,21 m2, 2 quarto(s), 1 vaga(s) na garagem - Venda Direta Online;878771682017-3;GERALDO RINHEL SOBRINHO,N. 400 Apto. 404 BL 6, , RESERVA MACAUBA
RIBEIRAO PRETO - CONQUISTA HORIZONTE;Valor de avaliação: R$ 170.000,00;Valor mínimo de venda: R$ 100.741,08 ( desconto de 40,74%);Apartamento - 91,44 m2, 2 quarto(s), 1 vaga(s) na garagem - Venda Direta Online;878771490972-0;RUA GERALDO RINHEL SOBRINHO,N. 400 Apto. 306 BL 9, , RESERVA MACAUBA
RIBEIRAO PRETO - CONQUISTA HORIZONTE;Valor de avaliação: R$ 165.000,00;Valor mínimo de venda: R$ 97.778,11 ( desconto de 40,74%);Apartamento - 91,21 m2, 2 quarto(s) - Venda Direta Online;878771639533-2;RUA GERALDO RINHEL SOBRINHO,N. 400 Apto. 203 BL 02, , RESERVA MACAUBA
RIBEIRAO PRETO - PALACIO DE WINDSOR;Valor de avaliação: R$ 152.000,00;Valor mínimo de venda: R$ 88.990,38 ( desconto de 41,45%);Apartamento - 87,86 m2, 2 quarto(s), 1 vaga(s) na garagem - Venda Direta Online;878770334659-1;RUA BENEDITO FRANCISCO,N. 655 Apto. 302 BL 17 BOX 74, , RESERVA REAL
RIBEIRAO PRETO - PALACIO IMPERIAL;Valor de avaliação: R$ 156.000,00;Valor mínimo de venda: R$ 92.444,76 ( desconto de 40,74%);Apartamento - 2 quarto(s), 1 vaga(s) na garagem - Venda Direta Online;878770506433-0;RUA JOAO E GUIOMAR SOEIRA,N. 155 Apto. 303 BL 78 VG 785, , RESERVA REAL
RIBEIRAO PRETO - PALACIO DE VERSALHES;Valor de avaliação: R$ 145.000,00;Valor mínimo de venda: R$ 84.892,14 ( desconto de 41,45%);Apartamento - 81,63 m2, 2 quarto(s), 1 vaga(s) na garagem - Venda Direta Online;878770983589-6;RUA ANTENOR DE SOUZA,N. 605 Apto. 102 BL 4, , RESERVA REAL
RIBEIRAO PRETO - PALACIO VERSALHES;Valor de avaliação: R$ 155.000,00;Valor mínimo de venda: R$ 86.209,43 ( desconto de 44,38%);Apartamento - 2 quarto(s), 1 vaga(s) na garagem - Venda Direta Online;878770986212-5;RUA ANTENOR DE SOUZA,N. 605 Apto. 304 BL 01, , RESERVA REAL
RIBEIRAO PRETO - RESERVA REAL;Valor de avaliação: R$ 185.000,00;Valor mínimo de venda: R$ 111.816,50 ( desconto de 39,56%);Apartamento - 87,86 m2, 2 quarto(s), 1 vaga(s) na garagem - Venda Direta Online;878770347723-8;RUA BENEDITO FRANCISCO,N. 655 Apto. 204 BL. 10,
RIBEIRAO PRETO - PALACIO DE WINDSOR;Valor de avaliação: R$ 147.000,00;Valor mínimo de venda: R$ 86.063,06 ( desconto de 41,45%);Apartamento - 98,86 m2, 2 quarto(s), 1 vaga(s) na garagem - Venda Direta Online;878770646540-0;RUA BENEDITO FRANCISCO,N. 655 Apto. 101 BL 02, , RESERVA REAL
RIBEIRAO PRETO - PALACIO IMPERIAL;Valor de avaliação: R$ 172.000,00;Valor mínimo de venda: R$ 101.926,27 ( desconto de 40,74%);Apartamento - 80,32 m2, 2 quarto(s), 1 vaga(s) na garagem - Venda Direta Online;878770195349-0;RUA JOAO E GUIOMAR SOEIRA,N. 155 Apto. 402 4 PAVIMENTO BL 10 VG N 180, , RESERVA REAL
RIBEIRAO PRETO - PALACIO IMPERIAL;Valor de avaliação: R$ 155.000,00;Valor mínimo de venda: R$ 90.746,77 ( desconto de 41,45%);Apartamento - 80,32 m2, 2 quarto(s), 1 vaga(s) na garagem - Venda Direta Online;878770387565-9;RUA JOAO E GUIOMAR SOEIRA,N. 155 Apto. 303 BL 68, , RESERVA REAL
RIBEIRAO PRETO - PALACIO IMPERIAL;Valor de avaliação: R$ 181.000,00;Valor mínimo de venda: R$ 107.259,62 ( desconto de 40,74%);Apartamento - 86,6 m2, 2 quarto(s), 1 vaga(s) na garagem - Venda Direta Online;878770417803-0;RUA JOAO E GUIOMAR SOEIRA,N. 155 Apto. 101 BL50, , RESERVA REAL
RIBEIRAO PRETO - PALACIO IMPERIAL;Valor de avaliação: R$ 155.000,00;Valor mínimo de venda: R$ 90.746,77 ( desconto de 41,45%);Apartamento - 93,96 m2, 2 quarto(s), 1 vaga(s) na garagem - Venda Direta Online;878770736583-3;RUA JOAO E GUIOMAR SOEIRA,N. 155 Apto. 403 BL 72 VAGA 725 LT 01 QD 04, , RESERVA REAL
RIBEIRAO PRETO - Palacio Imperial;Valor de avaliação: R$ 146.000,00;Valor mínimo de venda: R$ 85.477,60 ( desconto de 41,45%);Apartamento - 92,82 m2, 2 quarto(s), 1 vaga(s) na garagem - Venda Direta Online;878770823744-8;RUA JOAO E GUIOMAR SOEIRA,N. 155 Apto. 301 BL 17, , RESERVA REAL
RIBEIRAO PRETO - COND RESERVA DAS IRIS;Valor de avaliação: R$ 184.000,00;Valor mínimo de venda: R$ 111.212,08 ( desconto de 39,56%);Apartamento - 81,75 m2, 2 quarto(s), 1 vaga(s) na garagem - Venda Direta Online;878771437704-3;R CLEUSA APARECIDA DA CUNHA JANUARIO,N. 180 Apto. 204 BL 04, , RESERVA SAO JOSE
RIBEIRAO PRETO - CONDOMINIO EDIFICIO PANAMA;Valor de avaliação: R$ 125.000,00;Valor mínimo de venda: R$ 72.910,85 ( desconto de 41,67%);Apartamento - 2 quarto(s), 1 vaga(s) na garagem - Venda Direta Online;844440045896-0;RUA PASCHOAL SANTA MARIA,N. 540 Apto. 31 3° ANDAR, , RESIDENCIAL DAS AMERICAS
RIBEIRAO PRETO - UP 100 PALMARES;Valor de avaliação: R$ 252.000,00;Valor mínimo de venda: R$ 154.300,73 ( desconto de 38,77%);Apartamento - 86,84 m2, 2 quarto(s), 1 vaga(s) na garagem - Venda Direta Online;855554016638-6;R LUIZ CARLUCCI SOBRINHO,N. 100 Apto. 54, , RESIDENCIAL E COMERCIAL PALMARES
RIBEIRAO PRETO - VITTA RECANTO DOS LAGOS;Valor de avaliação: R$ 165.000,00;Valor mínimo de venda: R$ 97.778,11 ( desconto de 40,74%);Apartamento - 1 vaga(s) na garagem - Venda Direta Online;844442808184-4;R JOAO GUIMARAES ROSA,N. 65 Apto. 1 TERREO BL B TORRE 2, , RESIDENCIAL PARQUE DOS SERVIDORES
RIBEIRAO PRETO - LAR URUGUAI;Valor de avaliação: R$ 160.000,00;Valor mínimo de venda: R$ 94.815,14 ( desconto de 40,74%);Apartamento - 95,09 m2, 2 quarto(s), 1 vaga(s) na garagem - Venda Direta Online;878770767060-1;RUA OLIVIA MARIA DE JESUS,N. 2255 Apto. 21 PAV 02 BL A TORRE 2, , RESIDENCIAL PARQUE DOS SERVIDORES
RIBEIRAO PRETO - RESIDENCIAL ATILIO BENEDINI II;Valor de avaliação: R$ 145.000,00;Valor mínimo de venda: R$ 84.892,14 ( desconto de 41,45%);Apartamento - 118,26 m2, 2 quarto(s), 1 vaga(s) na garagem - Venda Direta Online;878770764060-5;AVENIDA PIO XII,N. 1935 Apto. 341 BLOCO 03, , SOLAR BOA VISTA
RIBEIRAO PRETO - RES ATILIO BENEDINI II;Valor de avaliação: R$ 133.000,00;Valor mínimo de venda: R$ 77.043,32 ( desconto de 42,07%);Apartamento - 118,26 m2, 2 quarto(s), 1 vaga(s) na garagem - Venda Direta Online;878770809101-0;AVENIDA PIO XII,N. 1935 Apto. 434 BL 04, , SOLAR BOA VISTA
RIBEIRAO PRETO - LAR CANADÁ;Valor de avaliação: R$ 147.000,00;Valor mínimo de venda: R$ 86.063,06 ( desconto de 41,45%);Apartamento - 2 quarto(s), 1 vaga(s) na garagem - Venda Direta Online;855553528454-6;RUA ITAPICURU,N. 1735 Apto. 34 TORRE 4, 3º PAV TORONTO, , TERRAS ALPHA RIBEIRAO PRETO
RIBEIRAO PRETO - VITTA PARQUE DOS LIRIOS;Valor de avaliação: R$ 147.000,00;Valor mínimo de venda: R$ 86.063,06 ( desconto de 41,45%);Apartamento - 89,2 m2, 2 quarto(s), 1 vaga(s) na garagem - Venda Direta Online;878771535574-4;AV GOVERNADOR MARIO COVAS,N. 7555 Apto. 03 TORRE 2 BL D, , VALENTINA FIGUEIREDO
RIBEIRAO PRETO - VITTA VIA NORTE 2;Valor de avaliação: R$ 127.000,00;Valor mínimo de venda: R$ 75.876,00 ( desconto de 40,26%);Apartamento - 2 quarto(s), 1 vaga(s) na garagem - Venda Direta Online;855553711160-6;AVENIDA EDUARDO ANDREA MATARAZZO,N. 4875 Apto. 32 BL E TORRE 1, , VALENTINA FIGUEIREDO
RIBEIRAO PRETO - VITTA VIA NORTE 2;Valor de avaliação: R$ 152.000,00;Valor mínimo de venda: R$ 88.990,38 ( desconto de 41,45%);Apartamento - 88,21 m2, 2 quarto(s), 1 vaga(s) na garagem - Venda Direta Online;855553741988-0;AVENIDA EDUARDO ANDREA MATARAZZO,N. 4875 Apto. 24 BLOCO C TORRE 4, , VALENTINA FIGUEIREDO
RIBEIRAO PRETO - VITTA VIA NORTE 2;Valor de avaliação: R$ 140.000,00;Valor mínimo de venda: R$ 81.964,82 ( desconto de 41,45%);Apartamento - 64 m2, 2 quarto(s), 1 vaga(s) na garagem - Venda Direta Online;855553853766-6;AVENIDA EDUARDO ANDREA MATARAZZO,N. 4875 Apto. 02 TORRE 02 BL F, , VALENTINA FIGUEIREDO
RIBEIRAO PRETO - VITTA VIA NORTE I;Valor de avaliação: R$ 147.000,00;Valor mínimo de venda: R$ 86.063,06 ( desconto de 41,45%);Apartamento - 86,88 m2, 2 quarto(s), 1 vaga(s) na garagem - Venda Direta Online;855553886899-9;AVENIDA EDUARDO ANDREA MATARAZZO,N. 4635 Apto. 11 TR 04, BL D, , VALENTINA FIGUEIREDO
RIBEIRAO PRETO - VITTA PARQUE DOS LIRIOS;Valor de avaliação: R$ 149.400,00;Valor mínimo de venda: R$ 87.468,17 ( desconto de 41,45%);Apartamento - 89,2 m2, 2 quarto(s), 1 vaga(s) na garagem - Venda Direta Online;878771196287-5;AVENIDA GOVERNADOR MARIO COVAS,N. 7555 Apto. 21 TORRE2 BLOCO D 2PAV, , VALENTINA FIGUEIREDO
RIBEIRAO PRETO - VITTA PARQUE DOS LIRIOS;Valor de avaliação: R$ 150.000,00;Valor mínimo de venda: R$ 87.819,45 ( desconto de 41,45%);Apartamento - 89,2 m2, 2 quarto(s), 1 vaga(s) na garagem - Venda Direta Online;878771655173-3;AVENIDA GOVERNADOR MARIO COVAS,N. 7555 Apto. 13 BL A, TORRE 4, , VALENTINA FIGUEIREDO
RIBEIRAO PRETO - VITTA PARQUE DOS LIRIOS;Valor de avaliação: R$ 150.000,00;Valor mínimo de venda: R$ 87.819,45 ( desconto de 41,45%);Apartamento - 89,2 m2, 2 quarto(s) - Venda Direta Online;878771659712-1;AVENIDA GOVERNADOR MARIO COVAS,N. 7555 Apto. 04 TORRE 02 BL A, , VALENTINA FIGUEIREDO
RIBEIRAO PRETO - VITTA VALENTINA;Valor de avaliação: R$ 157.000,00;Valor mínimo de venda: R$ 90.711,41 ( desconto de 42,22%);Apartamento - 2 quarto(s), 1 vaga(s) na garagem - Venda Direta Online;878770291825-7;RUA TITO BONAGAMBA,N. 350 Apto. 31 TORRE 04, BL D, VITTA VALENTINA, , VALENTINA FIGUEIREDO
RIBEIRAO PRETO - VITTA VALENTINA;Valor de avaliação: R$ 140.000,00;Valor mínimo de venda: R$ 77.866,57 ( desconto de 44,38%);Apartamento - 2 quarto(s) - Venda Direta Online;878770291873-7;RUA TITO BONAGAMBA,N. 350 Apto. 32 TR 01 BL A, , VALENTINA FIGUEIREDO
RIBEIRAO PRETO - VITTA VALENTINA;Valor de avaliação: R$ 155.000,00;Valor mínimo de venda: R$ 90.746,77 ( desconto de 41,45%);Apartamento - 76,85 m2, 2 quarto(s), 1 vaga(s) na garagem - Venda Direta Online;878770298987-1;RUA TITO BONAGAMBA,N. 350 Apto. 34 TORRE 03 BL C, , VALENTINA FIGUEIREDO
RIBEIRAO PRETO - TOPLIFE ORLANDO;Valor de avaliação: R$ 140.000,00;Valor mínimo de venda: R$ 81.964,82 ( desconto de 41,45%);Apartamento - 94,24 m2, 2 quarto(s), 1 vaga(s) na garagem - Venda Direta Online;878770842584-8;R MARIA AUXILIA ABRANCHES FARIA,N. 565 Apto. 33 BL G TORRE 4, , VILA ABRANCHES
RIBEIRAO PRETO - TOPLIFE ORLANDO;Valor de avaliação: R$ 180.000,00;Valor mínimo de venda: R$ 106.667,03 ( desconto de 40,74%);Apartamento - 109,02 m2, 2 quarto(s), 1 vaga(s) na garagem - Venda Direta Online;878770654617-6;RUA MARIA AUXILIA ABRANCHES FARIA,N. 565 Apto. 03 BL J TORRE 5, , VILA ABRANCHES
RIBEIRAO PRETO - TOPLIFE ORLANDO;Valor de avaliação: R$ 146.000,00;Valor mínimo de venda: R$ 85.477,60 ( desconto de 41,45%);Apartamento - 94,24 m2, 2 quarto(s), 1 vaga(s) na garagem - Venda Direta Online;878770676960-4;RUA MARIA AUXILIA ABRANCHES FARIA,N. 565 Apto. 22 BLE, TORRE 3, , VILA ABRANCHES
RIBEIRAO PRETO - TOPLIFE ORLANDO;Valor de avaliação: R$ 142.000,00;Valor mínimo de venda: R$ 83.135,75 ( desconto de 41,45%);Apartamento - 94,24 m2, 2 quarto(s), 1 vaga(s) na garagem - Venda Direta Online;878770680212-1;RUA MARIA AUXILIA ABRANCHES FARIA,N. 565 Apto. 32 BL J TORRE 05, , VILA ABRANCHES
RIBEIRAO PRETO - TOPLIFE ORLANDO;Valor de avaliação: R$ 155.000,00;Valor mínimo de venda: R$ 90.746,77 ( desconto de 41,45%);Apartamento - 94,24 m2, 2 quarto(s), 1 vaga(s) na garagem - Venda Direta Online;878770806008-4;RUA MARIA AUXILIA ABRANCHES FARIA,N. 565 Apto. 33 BL E TORRE 3, , VILA ABRANCHES
RIBEIRAO PRETO - TOPLIFE ORLANDO;Valor de avaliação: R$ 160.000,00;Valor mínimo de venda: R$ 94.815,14 ( desconto de 40,74%);Apartamento - 94,24 m2, 2 quarto(s), 1 vaga(s) na garagem - Venda Direta Online;878770810856-7;RUA MARIA AUXILIA ABRANCHES FARIA,N. 565 Apto. 13 BL F TORRE 03, , VILA ABRANCHES
RIBEIRAO PRETO - TOPLIFE ORLANDO;Valor de avaliação: R$ 168.000,00;Valor mínimo de venda: R$ 99.555,89 ( desconto de 40,74%);Apartamento - 94,24 m2, 2 quarto(s), 1 vaga(s) na garagem - Venda Direta Online;878770863031-0;RUA MARIA AUXILIA ABRANCHES FARIA,N. 565 Apto. 34 BL C TORRE 2, , VILA ABRANCHES
RIBEIRAO PRETO - VILA ABRANCHES;Valor de avaliação: R$ 156.000,00;Valor mínimo de venda: R$ 92.444,76 ( desconto de 40,74%);Apartamento - 94,24 m2, 2 quarto(s), 1 vaga(s) na garagem - Venda Direta Online;878770880682-5;RUA MARIA AUXILIA ABRANCHES FARIA,N. 565 Apto. 23 3 PAVIMENTO BL D TORRE 2,
RIBEIRAO PRETO - TOPLIFE ORLANDO;Valor de avaliação: R$ 150.000,00;Valor mínimo de venda: R$ 87.819,45 ( desconto de 41,45%);Apartamento - 94,24 m2, 2 quarto(s), 1 vaga(s) na garagem - Venda Direta Online;878770882973-6;RUA MARIA AUXILIA ABRANCHES FARIA,N. 565 Apto. 13 BL J TORRE 05, , VILA ABRANCHES
RIBEIRAO PRETO - CONDOMÍNIO EDIFÍCIO GENEBRA;Valor de avaliação: R$ 500.000,00;Valor mínimo de venda: R$ 318.657,15 ( desconto de 36,27%);Sala - 1 vaga(s) na garagem - Venda Direta Online;000001021606-4;RUA ERCOLE VERRI,N. 449 SL 51, , VILA ANA MARIA
RIBEIRAO PRETO - VILA RECREIO;Valor de avaliação: R$ 165.000,00;Valor mínimo de venda: R$ 101.904,73 ( desconto de 38,24%);Casa - 2 quarto(s), 1 vaga(s) na garagem - Venda Direta Online;844440274067-0;RUA MATO GROSSO,N. 2134 QD 17 LT 01 E 02,
